timeStamp,elapsed,label,responseCode,responseMessage,threadName,dataType,success,failureMessage,bytes,sentBytes,grpThreads,allThreads,URL,Latency,IdleTime,Connect
1582541692042,23,Open main page,200,"Number of samples in transaction : 1, number of failing samples : 0",Thread Group 1-1,,true,,30314,363,1,1,null,0,1,0
1582541692043,23,41 /demo/,200,OK,Thread Group 1-1,text,true,,30314,363,1,1,http://10.17.175.19/demo/,22,0,0
1582541692066,10,Login,200,"Number of samples in transaction : 2, number of failing samples : 0",Thread Group 1-1,,true,,5713,1406,1,1,null,0,1,0
1582541692066,5,76 /demo/Account/login.aspx,200,OK,Thread Group 1-1,text,true,,4543,381,1,1,http://10.17.175.19/demo/Account/login.aspx,5,0,0
1582541692072,5,77 /demo/Account/login.aspx,302,Found,Thread Group 1-1,text,true,,1170,1025,1,1,http://10.17.175.19/demo/Account/login.aspx,5,0,0
1582541692077,19,Open content page,200,"Number of samples in transaction : 2, number of failing samples : 0",Thread Group 1-1,,true,,142653,2279,1,1,null,0,0,0
1582541692077,5,83 /demo/admin/,200,OK,Thread Group 1-1,text,true,,6174,1143,1,1,http://10.17.175.19/demo/admin/,5,0,0
1582541692082,14,84 /demo/api/posts,200,OK,Thread Group 1-1,text,true,,136479,1136,1,1,http://10.17.175.19/demo/api/posts?skip=0&take=0,13,0,0
1582541692542,13,Open main page,200,"Number of samples in transaction : 1, number of failing samples : 0",Thread Group 1-2,,true,,30314,363,2,2,null,0,0,0
1582541692542,13,41 /demo/,200,OK,Thread Group 1-2,text,true,,30314,363,2,2,http://10.17.175.19/demo/,13,0,1
1582541692555,4,Login,200,"Number of samples in transaction : 2, number of failing samples : 0",Thread Group 1-2,,true,,5713,1408,2,2,null,0,3,0
1582541692556,2,76 /demo/Account/login.aspx,200,OK,Thread Group 1-2,text,true,,4543,381,2,2,http://10.17.175.19/demo/Account/login.aspx,2,0,0
1582541692559,2,77 /demo/Account/login.aspx,302,Found,Thread Group 1-2,text,true,,1170,1027,2,2,http://10.17.175.19/demo/Account/login.aspx,2,0,0
1582541692562,15,Open content page,200,"Number of samples in transaction : 2, number of failing samples : 0",Thread Group 1-2,,true,,142653,2279,2,2,null,0,0,0
1582541692562,2,83 /demo/admin/,200,OK,Thread Group 1-2,text,true,,6174,1143,2,2,http://10.17.175.19/demo/admin/,2,0,0
1582541692564,13,84 /demo/api/posts,200,OK,Thread Group 1-2,text,true,,136479,1136,2,2,http://10.17.175.19/demo/api/posts?skip=0&take=0,12,0,0
1582541692104,24,Create random post,200,"Number of samples in transaction : 1, number of failing samples : 0",Thread Group 1-1,,true,,1362,2060,2,2,null,0,2426,0
1582541694528,24,186 /demo/api/posts,201,Created,Thread Group 1-1,text,true,,1362,2060,2,2,http://10.17.175.19/demo/api/posts,24,0,1
1582541692578,25,Create random post,200,"Number of samples in transaction : 1, number of failing samples : 0",Thread Group 1-2,,true,,1338,2036,2,2,null,0,2738,0
1582541695314,25,186 /demo/api/posts,201,Created,Thread Group 1-2,text,true,,1338,2036,2,2,http://10.17.175.19/demo/api/posts,25,0,1
1582541694553,22,Create random post,200,"Number of samples in transaction : 1, number of failing samples : 0",Thread Group 1-1,,true,,1238,1936,2,2,null,0,1359,0
1582541695911,22,186 /demo/api/posts,201,Created,Thread Group 1-1,text,true,,1238,1936,2,2,http://10.17.175.19/demo/api/posts,22,0,0
1582541695934,29,Create random post,200,"Number of samples in transaction : 1, number of failing samples : 0",Thread Group 1-1,,true,,1487,2185,2,2,null,0,739,0
1582541696673,29,186 /demo/api/posts,201,Created,Thread Group 1-1,text,true,,1487,2185,2,2,http://10.17.175.19/demo/api/posts,29,0,0
1582541696702,22,Create random post,200,"Number of samples in transaction : 1, number of failing samples : 0",Thread Group 1-1,,true,,1075,1774,2,2,null,0,1216,0
1582541697918,22,186 /demo/api/posts,201,Created,Thread Group 1-1,text,true,,1075,1774,2,2,http://10.17.175.19/demo/api/posts,22,0,0
1582541695340,29,Create random post,200,"Number of samples in transaction : 1, number of failing samples : 0",Thread Group 1-2,,true,,1449,2147,2,2,null,0,2711,0
1582541698052,29,186 /demo/api/posts,201,Created,Thread Group 1-2,text,true,,1449,2147,2,2,http://10.17.175.19/demo/api/posts,29,0,0
1582541698081,24,Create random post,200,"Number of samples in transaction : 1, number of failing samples : 0",Thread Group 1-2,,true,,911,1610,2,2,null,0,990,0
1582541699071,24,186 /demo/api/posts,201,Created,Thread Group 1-2,text,true,,911,1610,2,2,http://10.17.175.19/demo/api/posts,24,0,0
1582541697941,25,Create random post,200,"Number of samples in transaction : 1, number of failing samples : 0",Thread Group 1-1,,true,,1648,2347,2,2,null,0,1790,0
1582541699731,25,186 /demo/api/posts,201,Created,Thread Group 1-1,text,true,,1648,2347,2,2,http://10.17.175.19/demo/api/posts,25,0,0
1582541699757,26,Create random post,200,"Number of samples in transaction : 1, number of failing samples : 0",Thread Group 1-1,,true,,1381,2079,2,2,null,0,1786,0
1582541701543,26,186 /demo/api/posts,201,Created,Thread Group 1-1,text,true,,1381,2079,2,2,http://10.17.175.19/demo/api/posts,26,0,0
1582541701570,25,Create random post,200,"Number of samples in transaction : 1, number of failing samples : 0",Thread Group 1-1,,true,,1400,2098,2,2,null,0,325,0
1582541701895,25,186 /demo/api/posts,201,Created,Thread Group 1-1,text,true,,1400,2098,2,2,http://10.17.175.19/demo/api/posts,25,0,0
1582541699095,25,Create random post,200,"Number of samples in transaction : 1, number of failing samples : 0",Thread Group 1-2,,true,,794,1510,2,2,null,0,3221,0
1582541702316,25,186 /demo/api/posts,201,Created,Thread Group 1-2,text,true,,794,1510,2,2,http://10.17.175.19/demo/api/posts,25,0,0
1582541701920,25,Create random post,200,"Number of samples in transaction : 1, number of failing samples : 0",Thread Group 1-1,,true,,988,1687,2,2,null,0,1419,0
1582541703338,25,186 /demo/api/posts,201,Created,Thread Group 1-1,text,true,,988,1687,2,2,http://10.17.175.19/demo/api/posts,25,0,0
1582541702342,25,Create random post,200,"Number of samples in transaction : 1, number of failing samples : 0",Thread Group 1-2,,true,,1693,2392,2,2,null,0,1220,0
1582541703561,25,186 /demo/api/posts,201,Created,Thread Group 1-2,text,true,,1693,2392,2,2,http://10.17.175.19/demo/api/posts,25,0,0
1582541703363,39,Create random post,200,"Number of samples in transaction : 1, number of failing samples : 0",Thread Group 1-1,,true,,966,1665,2,2,null,0,1759,0
1582541705122,39,186 /demo/api/posts,201,Created,Thread Group 1-1,text,true,,966,1665,2,2,http://10.17.175.19/demo/api/posts,39,0,0
1582541703586,24,Create random post,200,"Number of samples in transaction : 1, number of failing samples : 0",Thread Group 1-2,,true,,1722,2421,2,2,null,0,2011,0
1582541705597,24,186 /demo/api/posts,201,Created,Thread Group 1-2,text,true,,1722,2421,2,2,http://10.17.175.19/demo/api/posts,24,0,0
1582541705161,29,Create random post,200,"Number of samples in transaction : 1, number of failing samples : 0",Thread Group 1-1,,true,,1529,2228,2,2,null,0,1224,0
1582541706385,29,186 /demo/api/posts,201,Created,Thread Group 1-1,text,true,,1529,2228,2,2,http://10.17.175.19/demo/api/posts,29,0,0
1582541705622,22,Create random post,200,"Number of samples in transaction : 1, number of failing samples : 0",Thread Group 1-2,,true,,1627,2326,2,2,null,0,1367,0
1582541706989,22,186 /demo/api/posts,201,Created,Thread Group 1-2,text,true,,1627,2326,2,2,http://10.17.175.19/demo/api/posts,22,0,0
1582541707011,33,Create random post,200,"Number of samples in transaction : 1, number of failing samples : 0",Thread Group 1-2,,true,,1058,1757,2,2,null,0,755,0
1582541707766,33,186 /demo/api/posts,201,Created,Thread Group 1-2,text,true,,1058,1757,2,2,http://10.17.175.19/demo/api/posts,33,0,1
1582541706414,27,Create random post,200,"Number of samples in transaction : 1, number of failing samples : 0",Thread Group 1-1,,true,,1153,1852,2,2,null,0,3532,0
1582541709946,27,186 /demo/api/posts,201,Created,Thread Group 1-1,text,true,,1153,1852,2,2,http://10.17.175.19/demo/api/posts,27,0,1
1582541707800,25,Create random post,200,"Number of samples in transaction : 1, number of failing samples : 0",Thread Group 1-2,,true,,1369,2067,2,2,null,0,2988,0
1582541710788,25,186 /demo/api/posts,201,Created,Thread Group 1-2,text,true,,1369,2067,2,2,http://10.17.175.19/demo/api/posts,25,0,1
1582541710813,24,Create random post,200,"Number of samples in transaction : 1, number of failing samples : 0",Thread Group 1-2,,true,,937,1636,2,2,null,0,1368,0
1582541712181,24,186 /demo/api/posts,201,Created,Thread Group 1-2,text,true,,937,1636,2,2,http://10.17.175.19/demo/api/posts,24,0,0
1582541709974,25,Create random post,200,"Number of samples in transaction : 1, number of failing samples : 0",Thread Group 1-1,,true,,1158,1857,2,2,null,0,2818,0
1582541712792,25,186 /demo/api/posts,201,Created,Thread Group 1-1,text,true,,1158,1857,2,2,http://10.17.175.19/demo/api/posts,25,0,1
1582541712817,23,Create random post,200,"Number of samples in transaction : 1, number of failing samples : 0",Thread Group 1-1,,true,,1091,1790,2,2,null,0,1037,0
1582541713855,23,186 /demo/api/posts,201,Created,Thread Group 1-1,text,true,,1091,1790,2,2,http://10.17.175.19/demo/api/posts,23,0,0
1582541712205,25,Create random post,200,"Number of samples in transaction : 1, number of failing samples : 0",Thread Group 1-2,,true,,1107,1806,2,2,null,0,2779,0
1582541714985,25,186 /demo/api/posts,201,Created,Thread Group 1-2,text,true,,1107,1806,2,2,http://10.17.175.19/demo/api/posts,25,0,1
1582541715010,24,Create random post,200,"Number of samples in transaction : 1, number of failing samples : 0",Thread Group 1-2,,true,,1354,2052,2,2,null,0,1137,0
1582541716147,24,186 /demo/api/posts,201,Created,Thread Group 1-2,text,true,,1354,2052,2,2,http://10.17.175.19/demo/api/posts,24,0,0
1582541713878,25,Create random post,200,"Number of samples in transaction : 1, number of failing samples : 0",Thread Group 1-1,,true,,1496,2194,2,2,null,0,2565,0
1582541716443,25,186 /demo/api/posts,201,Created,Thread Group 1-1,text,true,,1496,2194,2,2,http://10.17.175.19/demo/api/posts,25,0,0
1582541716171,23,Create random post,200,"Number of samples in transaction : 1, number of failing samples : 0",Thread Group 1-2,,true,,1338,2036,2,2,null,0,504,0
1582541716675,23,186 /demo/api/posts,201,Created,Thread Group 1-2,text,true,,1338,2036,2,2,http://10.17.175.19/demo/api/posts,23,0,0
1582541716469,25,Create random post,200,"Number of samples in transaction : 1, number of failing samples : 0",Thread Group 1-1,,true,,1388,2086,2,2,null,0,1235,0
1582541717704,25,186 /demo/api/posts,201,Created,Thread Group 1-1,text,true,,1388,2086,2,2,http://10.17.175.19/demo/api/posts,25,0,0
1582541716698,45,Create random post,200,"Number of samples in transaction : 1, number of failing samples : 0",Thread Group 1-2,,true,,1426,2124,2,2,null,0,2465,0
1582541719163,45,186 /demo/api/posts,201,Created,Thread Group 1-2,text,true,,1426,2124,2,2,http://10.17.175.19/demo/api/posts,45,0,1
1582541717729,27,Create random post,200,"Number of samples in transaction : 1, number of failing samples : 0",Thread Group 1-1,,true,,935,1634,2,2,null,0,1892,0
1582541719621,27,186 /demo/api/posts,201,Created,Thread Group 1-1,text,true,,935,1634,2,2,http://10.17.175.19/demo/api/posts,27,0,0
1582541719648,24,Create random post,200,"Number of samples in transaction : 1, number of failing samples : 0",Thread Group 1-1,,true,,1219,1918,2,2,null,0,1026,0
1582541720674,24,186 /demo/api/posts,201,Created,Thread Group 1-1,text,true,,1219,1918,2,2,http://10.17.175.19/demo/api/posts,24,0,0
1582541719209,26,Create random post,200,"Number of samples in transaction : 1, number of failing samples : 0",Thread Group 1-2,,true,,1712,2411,2,2,null,0,2831,0
1582541722040,26,186 /demo/api/posts,201,Created,Thread Group 1-2,text,true,,1712,2411,2,2,http://10.17.175.19/demo/api/posts,26,0,1
1582541720698,26,Create random post,200,"Number of samples in transaction : 1, number of failing samples : 0",Thread Group 1-1,,true,,1646,2345,2,2,null,0,2692,0
1582541723390,26,186 /demo/api/posts,201,Created,Thread Group 1-1,text,true,,1646,2345,2,2,http://10.17.175.19/demo/api/posts,26,0,1
1582541722066,33,Create random post,200,"Number of samples in transaction : 1, number of failing samples : 0",Thread Group 1-2,,true,,1310,2008,2,2,null,0,2300,0
1582541724365,33,186 /demo/api/posts,201,Created,Thread Group 1-2,text,true,,1310,2008,2,2,http://10.17.175.19/demo/api/posts,33,0,0
1582541723416,24,Create random post,200,"Number of samples in transaction : 1, number of failing samples : 0",Thread Group 1-1,,true,,1348,2046,2,2,null,0,1479,0
1582541724895,24,186 /demo/api/posts,201,Created,Thread Group 1-1,text,true,,1348,2046,2,2,http://10.17.175.19/demo/api/posts,24,0,0
1582541724399,24,Create random post,200,"Number of samples in transaction : 1, number of failing samples : 0",Thread Group 1-2,,true,,1583,2282,2,2,null,0,1147,0
1582541725546,24,186 /demo/api/posts,201,Created,Thread Group 1-2,text,true,,1583,2282,2,2,http://10.17.175.19/demo/api/posts,24,0,0
1582541724919,25,Create random post,200,"Number of samples in transaction : 1, number of failing samples : 0",Thread Group 1-1,,true,,1340,2038,2,2,null,0,746,0
1582541725665,25,186 /demo/api/posts,201,Created,Thread Group 1-1,text,true,,1340,2038,2,2,http://10.17.175.19/demo/api/posts,25,0,0
1582541725691,24,Create random post,200,"Number of samples in transaction : 1, number of failing samples : 0",Thread Group 1-1,,true,,1113,1812,2,2,null,0,335,0
1582541726026,24,186 /demo/api/posts,201,Created,Thread Group 1-1,text,true,,1113,1812,2,2,http://10.17.175.19/demo/api/posts,24,0,0
1582541725571,25,Create random post,200,"Number of samples in transaction : 1, number of failing samples : 0",Thread Group 1-2,,true,,1394,2092,2,2,null,0,851,0
1582541726421,25,186 /demo/api/posts,201,Created,Thread Group 1-2,text,true,,1394,2092,2,2,http://10.17.175.19/demo/api/posts,25,0,1
1582541726447,27,Create random post,200,"Number of samples in transaction : 1, number of failing samples : 0",Thread Group 1-2,,true,,820,1523,2,2,null,0,1705,0
1582541728151,27,186 /demo/api/posts,201,Created,Thread Group 1-2,text,true,,820,1523,2,2,http://10.17.175.19/demo/api/posts,27,0,0
1582541726050,28,Create random post,200,"Number of samples in transaction : 1, number of failing samples : 0",Thread Group 1-1,,true,,1101,1800,2,2,null,0,3751,0
1582541729800,28,186 /demo/api/posts,201,Created,Thread Group 1-1,text,true,,1101,1800,2,2,http://10.17.175.19/demo/api/posts,28,0,1
1582541728178,43,Create random post,200,"Number of samples in transaction : 1, number of failing samples : 0",Thread Group 1-2,,true,,1440,2138,2,2,null,0,1929,0
1582541730107,43,186 /demo/api/posts,201,Created,Thread Group 1-2,text,true,,1440,2138,2,2,http://10.17.175.19/demo/api/posts,43,0,0
1582541730150,30,Create random post,200,"Number of samples in transaction : 1, number of failing samples : 0",Thread Group 1-2,,true,,762,1494,2,2,null,0,1547,0
1582541731697,30,186 /demo/api/posts,201,Created,Thread Group 1-2,text,true,,762,1494,2,2,http://10.17.175.19/demo/api/posts,30,0,0
1582541729829,41,Create random post,200,"Number of samples in transaction : 1, number of failing samples : 0",Thread Group 1-1,,true,,1680,2379,2,2,null,0,3842,0
1582541733672,41,186 /demo/api/posts,201,Created,Thread Group 1-1,text,true,,1680,2379,2,2,http://10.17.175.19/demo/api/posts,41,0,0
1582541731727,36,Create random post,200,"Number of samples in transaction : 1, number of failing samples : 0",Thread Group 1-2,,true,,1661,2360,2,2,null,0,2140,0
1582541733868,36,186 /demo/api/posts,201,Created,Thread Group 1-2,text,true,,1661,2360,2,2,http://10.17.175.19/demo/api/posts,36,0,1
1582541733904,25,Create random post,200,"Number of samples in transaction : 1, number of failing samples : 0",Thread Group 1-2,,true,,1707,2406,2,2,null,0,1277,0
1582541735181,25,186 /demo/api/posts,201,Created,Thread Group 1-2,text,true,,1707,2406,2,2,http://10.17.175.19/demo/api/posts,25,0,0
1582541733713,28,Create random post,200,"Number of samples in transaction : 1, number of failing samples : 0",Thread Group 1-1,,true,,1608,2307,2,2,null,0,2846,0
1582541736559,28,186 /demo/api/posts,201,Created,Thread Group 1-1,text,true,,1608,2307,2,2,http://10.17.175.19/demo/api/posts,28,0,1
1582541735206,31,Create random post,200,"Number of samples in transaction : 1, number of failing samples : 0",Thread Group 1-2,,true,,742,1484,2,2,null,0,1417,0
1582541736623,31,186 /demo/api/posts,201,Created,Thread Group 1-2,text,true,,742,1484,2,2,http://10.17.175.19/demo/api/posts,31,0,1
1582541736654,24,Create random post,200,"Number of samples in transaction : 1, number of failing samples : 0",Thread Group 1-2,,true,,879,1578,2,2,null,0,791,0
1582541737445,24,186 /demo/api/posts,201,Created,Thread Group 1-2,text,true,,879,1578,2,2,http://10.17.175.19/demo/api/posts,24,0,0
1582541737469,25,Create random post,200,"Number of samples in transaction : 1, number of failing samples : 0",Thread Group 1-2,,true,,1065,1764,2,2,null,0,735,0
1582541738204,25,186 /demo/api/posts,201,Created,Thread Group 1-2,text,true,,1065,1764,2,2,http://10.17.175.19/demo/api/posts,25,0,0
1582541738229,32,Create random post,200,"Number of samples in transaction : 1, number of failing samples : 0",Thread Group 1-2,,true,,918,1617,2,2,null,0,65,0
1582541738294,32,186 /demo/api/posts,201,Created,Thread Group 1-2,text,true,,918,1617,2,2,http://10.17.175.19/demo/api/posts,32,0,0
1582541738326,26,Create random post,200,"Number of samples in transaction : 1, number of failing samples : 0",Thread Group 1-2,,true,,1577,2276,2,2,null,0,1669,0
1582541739995,26,186 /demo/api/posts,201,Created,Thread Group 1-2,text,true,,1577,2276,2,2,http://10.17.175.19/demo/api/posts,26,0,0
1582541736587,29,Create random post,200,"Number of samples in transaction : 1, number of failing samples : 0",Thread Group 1-1,,true,,1242,1940,2,2,null,0,4027,0
1582541740614,29,186 /demo/api/posts,201,Created,Thread Group 1-1,text,true,,1242,1940,2,2,http://10.17.175.19/demo/api/posts,29,0,1
1582541740021,27,Create random post,200,"Number of samples in transaction : 1, number of failing samples : 0",Thread Group 1-2,,true,,1055,1754,2,2,null,0,2928,0
1582541742949,27,186 /demo/api/posts,201,Created,Thread Group 1-2,text,true,,1055,1754,2,2,http://10.17.175.19/demo/api/posts,27,0,1
1582541740643,27,Create random post,200,"Number of samples in transaction : 1, number of failing samples : 0",Thread Group 1-1,,true,,1159,1858,2,2,null,0,4184,0
1582541744827,27,186 /demo/api/posts,201,Created,Thread Group 1-1,text,true,,1159,1858,2,2,http://10.17.175.19/demo/api/posts,27,0,1
1582541742976,27,Create random post,200,"Number of samples in transaction : 1, number of failing samples : 0",Thread Group 1-2,,true,,1456,2154,2,2,null,0,2212,0
1582541745188,27,186 /demo/api/posts,201,Created,Thread Group 1-2,text,true,,1456,2154,2,2,http://10.17.175.19/demo/api/posts,27,0,1
1582541745215,27,Create random post,200,"Number of samples in transaction : 1, number of failing samples : 0",Thread Group 1-2,,true,,745,1486,2,2,null,0,2263,0
1582541747478,27,186 /demo/api/posts,201,Created,Thread Group 1-2,text,true,,745,1486,2,2,http://10.17.175.19/demo/api/posts,27,0,0
1582541744854,44,Create random post,200,"Number of samples in transaction : 1, number of failing samples : 0",Thread Group 1-1,,true,,925,1624,2,2,null,0,2908,0
1582541747762,44,186 /demo/api/posts,201,Created,Thread Group 1-1,text,true,,925,1624,2,2,http://10.17.175.19/demo/api/posts,44,0,0
1582541747505,25,Create random post,200,"Number of samples in transaction : 1, number of failing samples : 0",Thread Group 1-2,,true,,840,1539,2,2,null,0,1509,0
1582541749013,25,186 /demo/api/posts,201,Created,Thread Group 1-2,text,true,,840,1539,2,2,http://10.17.175.19/demo/api/posts,25,0,0
1582541747806,26,Create random post,200,"Number of samples in transaction : 1, number of failing samples : 0",Thread Group 1-1,,true,,884,1583,2,2,null,0,1895,0
1582541749700,26,186 /demo/api/posts,201,Created,Thread Group 1-1,text,true,,884,1583,2,2,http://10.17.175.19/demo/api/posts,26,0,0
1582541749726,42,Create random post,200,"Number of samples in transaction : 1, number of failing samples : 0",Thread Group 1-1,,true,,952,1651,2,2,null,0,2196,0
1582541751922,42,186 /demo/api/posts,201,Created,Thread Group 1-1,text,true,,952,1651,2,2,http://10.17.175.19/demo/api/posts,42,0,0
1582541749038,25,Create random post,200,"Number of samples in transaction : 1, number of failing samples : 0",Thread Group 1-2,,true,,924,1623,2,2,null,0,3619,0
1582541752657,25,186 /demo/api/posts,201,Created,Thread Group 1-2,text,true,,924,1623,2,2,http://10.17.175.19/demo/api/posts,25,0,0
1582541751964,26,Create random post,200,"Number of samples in transaction : 1, number of failing samples : 0",Thread Group 1-1,,true,,911,1610,2,2,null,0,747,0
1582541752711,26,186 /demo/api/posts,201,Created,Thread Group 1-1,text,true,,911,1610,2,2,http://10.17.175.19/demo/api/posts,26,0,0
1582541752682,26,Create random post,200,"Number of samples in transaction : 1, number of failing samples : 0",Thread Group 1-2,,true,,1417,2115,2,2,null,0,434,0
1582541753117,26,186 /demo/api/posts,201,Created,Thread Group 1-2,text,true,,1417,2115,2,2,http://10.17.175.19/demo/api/posts,26,0,0
1582541753143,25,Create random post,200,"Number of samples in transaction : 1, number of failing samples : 0",Thread Group 1-2,,true,,911,1610,2,2,null,0,771,0
1582541753914,25,186 /demo/api/posts,201,Created,Thread Group 1-2,text,true,,911,1610,2,2,http://10.17.175.19/demo/api/posts,25,0,0
1582541752737,30,Create random post,200,"Number of samples in transaction : 1, number of failing samples : 0",Thread Group 1-1,,true,,982,1681,2,2,null,0,2377,0
1582541755115,30,186 /demo/api/posts,201,Created,Thread Group 1-1,text,true,,982,1681,2,2,http://10.17.175.19/demo/api/posts,30,0,1
1582541753939,29,Create random post,200,"Number of samples in transaction : 1, number of failing samples : 0",Thread Group 1-2,,true,,888,1587,2,2,null,0,1223,0
1582541755161,29,186 /demo/api/posts,201,Created,Thread Group 1-2,text,true,,888,1587,2,2,http://10.17.175.19/demo/api/posts,29,0,1
1582541755191,30,Create random post,200,"Number of samples in transaction : 1, number of failing samples : 0",Thread Group 1-2,,true,,1328,2026,2,2,null,0,47,0
1582541755238,30,186 /demo/api/posts,201,Created,Thread Group 1-2,text,true,,1328,2026,2,2,http://10.17.175.19/demo/api/posts,30,0,0
1582541755268,26,Create random post,200,"Number of samples in transaction : 1, number of failing samples : 0",Thread Group 1-2,,true,,1704,2403,2,2,null,0,1229,0
1582541756497,26,186 /demo/api/posts,201,Created,Thread Group 1-2,text,true,,1704,2403,2,2,http://10.17.175.19/demo/api/posts,26,0,0
1582541755145,24,Create random post,200,"Number of samples in transaction : 1, number of failing samples : 0",Thread Group 1-1,,true,,839,1538,2,2,null,0,1615,0
1582541756760,24,186 /demo/api/posts,201,Created,Thread Group 1-1,text,true,,839,1538,2,2,http://10.17.175.19/demo/api/posts,24,0,0
1582541756784,48,Create random post,200,"Number of samples in transaction : 1, number of failing samples : 0",Thread Group 1-1,,true,,1683,2382,2,2,null,0,2146,0
1582541758930,48,186 /demo/api/posts,201,Created,Thread Group 1-1,text,true,,1683,2382,2,2,http://10.17.175.19/demo/api/posts,48,0,1
1582541756523,39,Create random post,200,"Number of samples in transaction : 1, number of failing samples : 0",Thread Group 1-2,,true,,1103,1802,2,2,null,0,3437,0
1582541759959,39,186 /demo/api/posts,201,Created,Thread Group 1-2,text,true,,1103,1802,2,2,http://10.17.175.19/demo/api/posts,39,0,1
1582541758978,27,Create random post,200,"Number of samples in transaction : 1, number of failing samples : 0",Thread Group 1-1,,true,,1638,2337,2,2,null,0,1164,0
1582541760142,27,186 /demo/api/posts,201,Created,Thread Group 1-1,text,true,,1638,2337,2,2,http://10.17.175.19/demo/api/posts,27,0,0
1582541760169,29,Create random post,200,"Number of samples in transaction : 1, number of failing samples : 0",Thread Group 1-1,,true,,1099,1798,2,2,null,0,1225,0
1582541761394,29,186 /demo/api/posts,201,Created,Thread Group 1-1,text,true,,1099,1798,2,2,http://10.17.175.19/demo/api/posts,29,0,1
1582541759999,32,Create random post,200,"Number of samples in transaction : 1, number of failing samples : 0",Thread Group 1-2,,true,,988,1687,2,2,null,0,1675,0
1582541761674,32,186 /demo/api/posts,201,Created,Thread Group 1-2,text,true,,988,1687,2,2,http://10.17.175.19/demo/api/posts,32,0,0
1582541761706,35,Create random post,200,"Number of samples in transaction : 1, number of failing samples : 0",Thread Group 1-2,,true,,1725,2424,2,2,null,0,2303,0
1582541764009,35,186 /demo/api/posts,201,Created,Thread Group 1-2,text,true,,1725,2424,2,2,http://10.17.175.19/demo/api/posts,35,0,1
1582541761423,28,Create random post,200,"Number of samples in transaction : 1, number of failing samples : 0",Thread Group 1-1,,true,,933,1632,2,2,null,0,3529,0
1582541764952,28,186 /demo/api/posts,201,Created,Thread Group 1-1,text,true,,933,1632,2,2,http://10.17.175.19/demo/api/posts,28,0,0
1582541764044,27,Create random post,200,"Number of samples in transaction : 1, number of failing samples : 0",Thread Group 1-2,,true,,922,1621,2,2,null,0,2301,0
1582541766344,27,186 /demo/api/posts,201,Created,Thread Group 1-2,text,true,,922,1621,2,2,http://10.17.175.19/demo/api/posts,27,0,1
1582541764980,30,Create random post,200,"Number of samples in transaction : 1, number of failing samples : 0",Thread Group 1-1,,true,,1717,2416,2,2,null,0,1735,0
1582541766715,30,186 /demo/api/posts,201,Created,Thread Group 1-1,text,true,,1717,2416,2,2,http://10.17.175.19/demo/api/posts,30,0,0
1582541766372,27,Create random post,200,"Number of samples in transaction : 1, number of failing samples : 0",Thread Group 1-2,,true,,1407,2105,2,2,null,0,2155,0
1582541768526,27,186 /demo/api/posts,201,Created,Thread Group 1-2,text,true,,1407,2105,2,2,http://10.17.175.19/demo/api/posts,27,0,0
1582541766746,30,Create random post,200,"Number of samples in transaction : 1, number of failing samples : 0",Thread Group 1-1,,true,,873,1572,2,2,null,0,1838,0
1582541768583,30,186 /demo/api/posts,201,Created,Thread Group 1-1,text,true,,873,1572,2,2,http://10.17.175.19/demo/api/posts,30,0,0
1582541768613,28,Create random post,200,"Number of samples in transaction : 1, number of failing samples : 0",Thread Group 1-1,,true,,982,1681,2,2,null,0,1902,0
1582541770515,28,186 /demo/api/posts,201,Created,Thread Group 1-1,text,true,,982,1681,2,2,http://10.17.175.19/demo/api/posts,28,0,0
1582541770543,32,Create random post,200,"Number of samples in transaction : 1, number of failing samples : 0",Thread Group 1-1,,true,,1067,1766,2,2,null,0,1242,0
1582541771785,32,186 /demo/api/posts,201,Created,Thread Group 1-1,text,true,,1067,1766,2,2,http://10.17.175.19/demo/api/posts,32,0,0
1582541768553,29,Create random post,200,"Number of samples in transaction : 1, number of failing samples : 0",Thread Group 1-2,,true,,1661,2360,2,2,null,0,3992,0
1582541772545,29,186 /demo/api/posts,201,Created,Thread Group 1-2,text,true,,1661,2360,2,2,http://10.17.175.19/demo/api/posts,29,0,0
1582541771818,28,Create random post,200,"Number of samples in transaction : 1, number of failing samples : 0",Thread Group 1-1,,true,,1413,2111,2,2,null,0,2322,0
1582541774140,28,186 /demo/api/posts,201,Created,Thread Group 1-1,text,true,,1413,2111,2,2,http://10.17.175.19/demo/api/posts,28,0,1
1582541772574,28,Create random post,200,"Number of samples in transaction : 1, number of failing samples : 0",Thread Group 1-2,,true,,1024,1723,2,2,null,0,3157,0
1582541775731,28,186 /demo/api/posts,201,Created,Thread Group 1-2,text,true,,1024,1723,2,2,http://10.17.175.19/demo/api/posts,28,0,1
1582541775759,26,Create random post,200,"Number of samples in transaction : 1, number of failing samples : 0",Thread Group 1-2,,true,,1654,2353,2,2,null,0,602,0
1582541776361,26,186 /demo/api/posts,201,Created,Thread Group 1-2,text,true,,1654,2353,2,2,http://10.17.175.19/demo/api/posts,26,0,0
1582541776387,26,Create random post,200,"Number of samples in transaction : 1, number of failing samples : 0",Thread Group 1-2,,true,,862,1561,2,2,null,0,970,0
1582541777357,26,186 /demo/api/posts,201,Created,Thread Group 1-2,text,true,,862,1561,2,2,http://10.17.175.19/demo/api/posts,26,0,0
1582541774168,30,Create random post,200,"Number of samples in transaction : 1, number of failing samples : 0",Thread Group 1-1,,true,,831,1530,2,2,null,0,4507,0
1582541778676,30,186 /demo/api/posts,201,Created,Thread Group 1-1,text,true,,831,1530,2,2,http://10.17.175.19/demo/api/posts,30,0,0
1582541777383,29,Create random post,200,"Number of samples in transaction : 1, number of failing samples : 0",Thread Group 1-2,,true,,1156,1855,2,2,null,0,1493,0
1582541778877,29,186 /demo/api/posts,201,Created,Thread Group 1-2,text,true,,1156,1855,2,2,http://10.17.175.19/demo/api/posts,29,0,1
1582541778706,27,Create random post,200,"Number of samples in transaction : 1, number of failing samples : 0",Thread Group 1-1,,true,,822,1524,2,2,null,0,1757,0
1582541780462,27,186 /demo/api/posts,201,Created,Thread Group 1-1,text,true,,822,1524,2,2,http://10.17.175.19/demo/api/posts,27,0,0
1582541778907,30,Create random post,200,"Number of samples in transaction : 1, number of failing samples : 0",Thread Group 1-2,,true,,1357,2055,2,2,null,0,2942,0
1582541781849,30,186 /demo/api/posts,201,Created,Thread Group 1-2,text,true,,1357,2055,2,2,http://10.17.175.19/demo/api/posts,30,0,1
1582541780490,39,Create random post,200,"Number of samples in transaction : 1, number of failing samples : 0",Thread Group 1-1,,true,,1521,2220,2,2,null,0,2922,0
1582541783412,39,186 /demo/api/posts,201,Created,Thread Group 1-1,text,true,,1521,2220,2,2,http://10.17.175.19/demo/api/posts,39,0,0
1582541783451,26,Create random post,200,"Number of samples in transaction : 1, number of failing samples : 0",Thread Group 1-1,,true,,1562,2261,2,2,null,0,1303,0
1582541784754,26,186 /demo/api/posts,201,Created,Thread Group 1-1,text,true,,1562,2261,2,2,http://10.17.175.19/demo/api/posts,26,0,0
1582541781879,34,Create random post,200,"Number of samples in transaction : 1, number of failing samples : 0",Thread Group 1-2,,true,,736,1481,2,2,null,0,2985,0
1582541784864,34,186 /demo/api/posts,201,Created,Thread Group 1-2,text,true,,736,1481,2,2,http://10.17.175.19/demo/api/posts,34,0,1
1582541784780,29,Create random post,200,"Number of samples in transaction : 1, number of failing samples : 0",Thread Group 1-1,,true,,1486,2184,1,1,null,0,2430,0
1582541787210,29,186 /demo/api/posts,201,Created,Thread Group 1-1,text,true,,1486,2184,1,1,http://10.17.175.19/demo/api/posts,29,0,0
1582541787239,36,Create random post,200,"Number of samples in transaction : 1, number of failing samples : 0",Thread Group 1-1,,true,,1205,1904,1,1,null,0,2793,0
1582541790032,36,186 /demo/api/posts,201,Created,Thread Group 1-1,text,true,,1205,1904,1,1,http://10.17.175.19/demo/api/posts,36,0,0
1582541790068,26,Create random post,200,"Number of samples in transaction : 1, number of failing samples : 0",Thread Group 1-1,,true,,920,1619,1,1,null,0,766,0
1582541790834,26,186 /demo/api/posts,201,Created,Thread Group 1-1,text,true,,920,1619,1,1,http://10.17.175.19/demo/api/posts,26,0,0
1582541790860,28,Create random post,200,"Number of samples in transaction : 1, number of failing samples : 0",Thread Group 1-1,,true,,1504,2202,1,1,null,0,2981,0
1582541793841,28,186 /demo/api/posts,201,Created,Thread Group 1-1,text,true,,1504,2202,1,1,http://10.17.175.19/demo/api/posts,28,0,1
1582541793869,28,Create random post,200,"Number of samples in transaction : 1, number of failing samples : 0",Thread Group 1-1,,true,,922,1621,1,1,null,0,2959,0
1582541796828,28,186 /demo/api/posts,201,Created,Thread Group 1-1,text,true,,922,1621,1,1,http://10.17.175.19/demo/api/posts,28,0,1
1582542108830,22,Open main page,200,"Number of samples in transaction : 1, number of failing samples : 0",Thread Group 1-1,,true,,31249,363,1,1,null,0,2,0
1582542108831,22,41 /demo/,200,OK,Thread Group 1-1,text,true,,31249,363,1,1,http://10.17.175.19/demo/,22,0,0
1582542108854,6,Login,200,"Number of samples in transaction : 2, number of failing samples : 0",Thread Group 1-1,,true,,5713,1408,1,1,null,0,1,0
1582542108854,3,76 /demo/Account/login.aspx,200,OK,Thread Group 1-1,text,true,,4543,381,1,1,http://10.17.175.19/demo/Account/login.aspx,3,0,0
1582542108858,3,77 /demo/Account/login.aspx,302,Found,Thread Group 1-1,text,true,,1170,1027,1,1,http://10.17.175.19/demo/Account/login.aspx,3,0,0
1582542108861,23,Open content page,200,"Number of samples in transaction : 2, number of failing samples : 0",Thread Group 1-1,,true,,174585,2279,1,1,null,0,0,0
1582542108861,4,83 /demo/admin/,200,OK,Thread Group 1-1,text,true,,6173,1143,1,1,http://10.17.175.19/demo/admin/,4,0,0
1582542108865,19,84 /demo/api/posts,200,OK,Thread Group 1-1,text,true,,168412,1136,1,1,http://10.17.175.19/demo/api/posts?skip=0&take=0,16,0,0
1582542109332,13,Open main page,200,"Number of samples in transaction : 1, number of failing samples : 0",Thread Group 1-2,,true,,31249,363,2,2,null,0,0,0
1582542109332,13,41 /demo/,200,OK,Thread Group 1-2,text,true,,31249,363,2,2,http://10.17.175.19/demo/,13,0,1
1582542109346,5,Login,200,"Number of samples in transaction : 2, number of failing samples : 0",Thread Group 1-2,,true,,5713,1412,2,2,null,0,0,0
1582542109346,2,76 /demo/Account/login.aspx,200,OK,Thread Group 1-2,text,true,,4543,381,2,2,http://10.17.175.19/demo/Account/login.aspx,2,0,0
1582542109348,3,77 /demo/Account/login.aspx,302,Found,Thread Group 1-2,text,true,,1170,1031,2,2,http://10.17.175.19/demo/Account/login.aspx,3,0,0
1582542109352,17,Open content page,200,"Number of samples in transaction : 2, number of failing samples : 0",Thread Group 1-2,,true,,174585,2279,2,2,null,0,0,0
1582542109352,2,83 /demo/admin/,200,OK,Thread Group 1-2,text,true,,6173,1143,2,2,http://10.17.175.19/demo/admin/,2,0,0
1582542109354,15,84 /demo/api/posts,200,OK,Thread Group 1-2,text,true,,168412,1136,2,2,http://10.17.175.19/demo/api/posts?skip=0&take=0,13,0,0
1582542109370,30,Create random post,200,"Number of samples in transaction : 1, number of failing samples : 0",Thread Group 1-2,,true,,770,1498,2,2,null,0,2267,0
1582542111636,30,186 /demo/api/posts,201,Created,Thread Group 1-2,text,true,,770,1498,2,2,http://10.17.175.19/demo/api/posts,30,0,1
1582542108890,29,Create random post,200,"Number of samples in transaction : 1, number of failing samples : 0",Thread Group 1-1,,true,,983,1682,2,2,null,0,3686,0
1582542112576,29,186 /demo/api/posts,201,Created,Thread Group 1-1,text,true,,983,1682,2,2,http://10.17.175.19/demo/api/posts,29,0,1
1582542112606,33,Create random post,200,"Number of samples in transaction : 1, number of failing samples : 0",Thread Group 1-1,,true,,1248,1946,2,2,null,0,2273,0
1582542114878,33,186 /demo/api/posts,201,Created,Thread Group 1-1,text,true,,1248,1946,2,2,http://10.17.175.19/demo/api/posts,33,0,1
1582542111667,30,Create random post,200,"Number of samples in transaction : 1, number of failing samples : 0",Thread Group 1-2,,true,,1376,2074,2,2,null,0,3337,0
1582542115003,30,186 /demo/api/posts,201,Created,Thread Group 1-2,text,true,,1376,2074,2,2,http://10.17.175.19/demo/api/posts,30,0,1
1582542115033,33,Create random post,200,"Number of samples in transaction : 1, number of failing samples : 0",Thread Group 1-2,,true,,1289,1987,2,2,null,0,1668,0
1582542116701,33,186 /demo/api/posts,201,Created,Thread Group 1-2,text,true,,1289,1987,2,2,http://10.17.175.19/demo/api/posts,33,0,0
1582542114911,31,Create random post,200,"Number of samples in transaction : 1, number of failing samples : 0",Thread Group 1-1,,true,,849,1548,2,2,null,0,3096,0
1582542118008,31,186 /demo/api/posts,201,Created,Thread Group 1-1,text,true,,849,1548,2,2,http://10.17.175.19/demo/api/posts,31,0,1
1582542116734,35,Create random post,200,"Number of samples in transaction : 1, number of failing samples : 0",Thread Group 1-2,,true,,1569,2268,2,2,null,0,2170,0
1582542118905,35,186 /demo/api/posts,201,Created,Thread Group 1-2,text,true,,1569,2268,2,2,http://10.17.175.19/demo/api/posts,35,0,1
1582542118039,30,Create random post,200,"Number of samples in transaction : 1, number of failing samples : 0",Thread Group 1-1,,true,,1249,1947,2,2,null,0,1853,0
1582542119892,30,186 /demo/api/posts,201,Created,Thread Group 1-1,text,true,,1249,1947,2,2,http://10.17.175.19/demo/api/posts,30,0,0
1582542118940,29,Create random post,200,"Number of samples in transaction : 1, number of failing samples : 0",Thread Group 1-2,,true,,851,1550,2,2,null,0,1506,0
1582542120446,29,186 /demo/api/posts,201,Created,Thread Group 1-2,text,true,,851,1550,2,2,http://10.17.175.19/demo/api/posts,29,0,0
1582542120475,28,Create random post,200,"Number of samples in transaction : 1, number of failing samples : 0",Thread Group 1-2,,true,,1261,1959,2,2,null,0,397,0
1582542120872,28,186 /demo/api/posts,201,Created,Thread Group 1-2,text,true,,1261,1959,2,2,http://10.17.175.19/demo/api/posts,28,0,0
1582542119922,30,Create random post,200,"Number of samples in transaction : 1, number of failing samples : 0",Thread Group 1-1,,true,,1347,2045,2,2,null,0,2034,0
1582542121956,30,186 /demo/api/posts,201,Created,Thread Group 1-1,text,true,,1347,2045,2,2,http://10.17.175.19/demo/api/posts,30,0,1
1582542121986,31,Create random post,200,"Number of samples in transaction : 1, number of failing samples : 0",Thread Group 1-1,,true,,1177,1876,2,2,null,0,1865,0
1582542123851,31,186 /demo/api/posts,201,Created,Thread Group 1-1,text,true,,1177,1876,2,2,http://10.17.175.19/demo/api/posts,31,0,0
1582542120900,32,Create random post,200,"Number of samples in transaction : 1, number of failing samples : 0",Thread Group 1-2,,true,,1681,2380,2,2,null,0,3546,0
1582542124446,32,186 /demo/api/posts,201,Created,Thread Group 1-2,text,true,,1681,2380,2,2,http://10.17.175.19/demo/api/posts,32,0,1
1582542124478,29,Create random post,200,"Number of samples in transaction : 1, number of failing samples : 0",Thread Group 1-2,,true,,947,1646,2,2,null,0,661,0
1582542125139,29,186 /demo/api/posts,201,Created,Thread Group 1-2,text,true,,947,1646,2,2,http://10.17.175.19/demo/api/posts,29,0,0
1582542123882,31,Create random post,200,"Number of samples in transaction : 1, number of failing samples : 0",Thread Group 1-1,,true,,1275,1973,2,2,null,0,1431,0
1582542125313,31,186 /demo/api/posts,201,Created,Thread Group 1-1,text,true,,1275,1973,2,2,http://10.17.175.19/demo/api/posts,31,0,1
1582542125344,43,Create random post,200,"Number of samples in transaction : 1, number of failing samples : 0",Thread Group 1-1,,true,,1239,1937,2,2,null,0,3170,0
1582542128514,43,186 /demo/api/posts,201,Created,Thread Group 1-1,text,true,,1239,1937,2,2,http://10.17.175.19/demo/api/posts,43,0,1
1582542125168,31,Create random post,200,"Number of samples in transaction : 1, number of failing samples : 0",Thread Group 1-2,,true,,828,1528,2,2,null,0,3482,0
1582542128650,31,186 /demo/api/posts,201,Created,Thread Group 1-2,text,true,,828,1528,2,2,http://10.17.175.19/demo/api/posts,31,0,0
1582542128558,34,Create random post,200,"Number of samples in transaction : 1, number of failing samples : 0",Thread Group 1-1,,true,,1281,1979,2,2,null,0,1555,0
1582542130113,34,186 /demo/api/posts,201,Created,Thread Group 1-1,text,true,,1281,1979,2,2,http://10.17.175.19/demo/api/posts,34,0,0
1582542130147,31,Create random post,200,"Number of samples in transaction : 1, number of failing samples : 0",Thread Group 1-1,,true,,1450,2148,2,2,null,0,1803,0
1582542131950,31,186 /demo/api/posts,201,Created,Thread Group 1-1,text,true,,1450,2148,2,2,http://10.17.175.19/demo/api/posts,31,0,0
1582542128682,31,Create random post,200,"Number of samples in transaction : 1, number of failing samples : 0",Thread Group 1-2,,true,,1701,2400,2,2,null,0,3337,0
1582542132019,31,186 /demo/api/posts,201,Created,Thread Group 1-2,text,true,,1701,2400,2,2,http://10.17.175.19/demo/api/posts,31,0,1
1582542131981,28,Create random post,200,"Number of samples in transaction : 1, number of failing samples : 0",Thread Group 1-1,,true,,1513,2211,2,2,null,0,1390,0
1582542133371,28,186 /demo/api/posts,201,Created,Thread Group 1-1,text,true,,1513,2211,2,2,http://10.17.175.19/demo/api/posts,28,0,0
1582542132050,30,Create random post,200,"Number of samples in transaction : 1, number of failing samples : 0",Thread Group 1-2,,true,,1153,1852,2,2,null,0,2245,0
1582542134295,30,186 /demo/api/posts,201,Created,Thread Group 1-2,text,true,,1153,1852,2,2,http://10.17.175.19/demo/api/posts,30,0,0
1582542133399,35,Create random post,200,"Number of samples in transaction : 1, number of failing samples : 0",Thread Group 1-1,,true,,1533,2232,2,2,null,0,1584,0
1582542134983,35,186 /demo/api/posts,201,Created,Thread Group 1-1,text,true,,1533,2232,2,2,http://10.17.175.19/demo/api/posts,35,0,1
1582542134325,31,Create random post,200,"Number of samples in transaction : 1, number of failing samples : 0",Thread Group 1-2,,true,,1124,1823,2,2,null,0,3543,0
1582542137868,31,186 /demo/api/posts,201,Created,Thread Group 1-2,text,true,,1124,1823,2,2,http://10.17.175.19/demo/api/posts,31,0,0
1582542137899,28,Create random post,200,"Number of samples in transaction : 1, number of failing samples : 0",Thread Group 1-2,,true,,1550,2249,2,2,null,0,63,0
1582542137962,28,186 /demo/api/posts,201,Created,Thread Group 1-2,text,true,,1550,2249,2,2,http://10.17.175.19/demo/api/posts,28,0,0
1582542135018,31,Create random post,200,"Number of samples in transaction : 1, number of failing samples : 0",Thread Group 1-1,,true,,1169,1868,2,2,null,0,3425,0
1582542138443,31,186 /demo/api/posts,201,Created,Thread Group 1-1,text,true,,1169,1868,2,2,http://10.17.175.19/demo/api/posts,31,0,1
1582542138474,31,Create random post,200,"Number of samples in transaction : 1, number of failing samples : 0",Thread Group 1-1,,true,,1515,2213,2,2,null,0,1734,0
1582542140207,31,186 /demo/api/posts,201,Created,Thread Group 1-1,text,true,,1515,2213,2,2,http://10.17.175.19/demo/api/posts,31,0,0
1582542137990,30,Create random post,200,"Number of samples in transaction : 1, number of failing samples : 0",Thread Group 1-2,,true,,1175,1874,2,2,null,0,2457,0
1582542140447,30,186 /demo/api/posts,201,Created,Thread Group 1-2,text,true,,1175,1874,2,2,http://10.17.175.19/demo/api/posts,30,0,0
1582542140477,30,Create random post,200,"Number of samples in transaction : 1, number of failing samples : 0",Thread Group 1-2,,true,,1619,2318,2,2,null,0,1756,0
1582542142233,30,186 /demo/api/posts,201,Created,Thread Group 1-2,text,true,,1619,2318,2,2,http://10.17.175.19/demo/api/posts,30,0,0
1582542140239,31,Create random post,200,"Number of samples in transaction : 1, number of failing samples : 0",Thread Group 1-1,,true,,728,1477,2,2,null,0,3387,0
1582542143626,31,186 /demo/api/posts,201,Created,Thread Group 1-1,text,true,,728,1477,2,2,http://10.17.175.19/demo/api/posts,31,0,0
1582542142264,34,Create random post,200,"Number of samples in transaction : 1, number of failing samples : 0",Thread Group 1-2,,true,,1424,2122,2,2,null,0,1645,0
1582542143909,34,186 /demo/api/posts,201,Created,Thread Group 1-2,text,true,,1424,2122,2,2,http://10.17.175.19/demo/api/posts,33,0,1
1582542143657,30,Create random post,200,"Number of samples in transaction : 1, number of failing samples : 0",Thread Group 1-1,,true,,1141,1840,2,2,null,0,3244,0
1582542146901,30,186 /demo/api/posts,201,Created,Thread Group 1-1,text,true,,1141,1840,2,2,http://10.17.175.19/demo/api/posts,30,0,0
1582542143943,32,Create random post,200,"Number of samples in transaction : 1, number of failing samples : 0",Thread Group 1-2,,true,,808,1517,2,2,null,0,2989,0
1582542146932,32,186 /demo/api/posts,201,Created,Thread Group 1-2,text,true,,808,1517,2,2,http://10.17.175.19/demo/api/posts,32,0,1
1582542146931,30,Create random post,200,"Number of samples in transaction : 1, number of failing samples : 0",Thread Group 1-1,,true,,1384,2082,2,2,null,0,1666,0
1582542148597,30,186 /demo/api/posts,201,Created,Thread Group 1-1,text,true,,1384,2082,2,2,http://10.17.175.19/demo/api/posts,30,0,0
1582542146965,30,Create random post,200,"Number of samples in transaction : 1, number of failing samples : 0",Thread Group 1-2,,true,,1541,2240,2,2,null,0,2100,0
1582542149064,30,186 /demo/api/posts,201,Created,Thread Group 1-2,text,true,,1541,2240,2,2,http://10.17.175.19/demo/api/posts,30,0,0
1582542148627,32,Create random post,200,"Number of samples in transaction : 1, number of failing samples : 0",Thread Group 1-1,,true,,918,1617,2,2,null,0,1624,0
1582542150251,32,186 /demo/api/posts,201,Created,Thread Group 1-1,text,true,,918,1617,2,2,http://10.17.175.19/demo/api/posts,32,0,0
1582542150283,29,Create random post,200,"Number of samples in transaction : 1, number of failing samples : 0",Thread Group 1-1,,true,,1515,2213,2,2,null,0,1213,0
1582542151496,29,186 /demo/api/posts,201,Created,Thread Group 1-1,text,true,,1515,2213,2,2,http://10.17.175.19/demo/api/posts,29,0,0
1582542149095,31,Create random post,200,"Number of samples in transaction : 1, number of failing samples : 0",Thread Group 1-2,,true,,858,1557,2,2,null,0,2845,0
1582542151940,31,186 /demo/api/posts,201,Created,Thread Group 1-2,text,true,,858,1557,2,2,http://10.17.175.19/demo/api/posts,31,0,1
1582542151971,29,Create random post,200,"Number of samples in transaction : 1, number of failing samples : 0",Thread Group 1-2,,true,,1593,2292,2,2,null,0,117,0
1582542152088,29,186 /demo/api/posts,201,Created,Thread Group 1-2,text,true,,1593,2292,2,2,http://10.17.175.19/demo/api/posts,29,0,0
1582542152117,31,Create random post,200,"Number of samples in transaction : 1, number of failing samples : 0",Thread Group 1-2,,true,,908,1607,2,2,null,0,1789,0
1582542153906,31,186 /demo/api/posts,201,Created,Thread Group 1-2,text,true,,908,1607,2,2,http://10.17.175.19/demo/api/posts,31,0,0
1582542151525,32,Create random post,200,"Number of samples in transaction : 1, number of failing samples : 0",Thread Group 1-1,,true,,1720,2419,2,2,null,0,3183,0
1582542154708,32,186 /demo/api/posts,201,Created,Thread Group 1-1,text,true,,1720,2419,2,2,http://10.17.175.19/demo/api/posts,32,0,0
1582542154740,31,Create random post,200,"Number of samples in transaction : 1, number of failing samples : 0",Thread Group 1-1,,true,,1525,2224,2,2,null,0,1304,0
1582542156044,31,186 /demo/api/posts,201,Created,Thread Group 1-1,text,true,,1525,2224,2,2,http://10.17.175.19/demo/api/posts,30,0,0
1582542153937,38,Create random post,200,"Number of samples in transaction : 1, number of failing samples : 0",Thread Group 1-2,,true,,1417,2115,2,2,null,0,3651,0
1582542157588,38,186 /demo/api/posts,201,Created,Thread Group 1-2,text,true,,1417,2115,2,2,http://10.17.175.19/demo/api/posts,38,0,0
1582542156075,32,Create random post,200,"Number of samples in transaction : 1, number of failing samples : 0",Thread Group 1-1,,true,,1249,1947,2,2,null,0,3755,0
1582542159830,32,186 /demo/api/posts,201,Created,Thread Group 1-1,text,true,,1249,1947,2,2,http://10.17.175.19/demo/api/posts,32,0,0
1582542157627,31,Create random post,200,"Number of samples in transaction : 1, number of failing samples : 0",Thread Group 1-2,,true,,1628,2327,2,2,null,0,2591,0
1582542160218,31,186 /demo/api/posts,201,Created,Thread Group 1-2,text,true,,1628,2327,2,2,http://10.17.175.19/demo/api/posts,31,0,1
1582542159862,29,Create random post,200,"Number of samples in transaction : 1, number of failing samples : 0",Thread Group 1-1,,true,,1256,1954,2,2,null,0,605,0
1582542160467,29,186 /demo/api/posts,201,Created,Thread Group 1-1,text,true,,1256,1954,2,2,http://10.17.175.19/demo/api/posts,29,0,0
1582542160496,31,Create random post,200,"Number of samples in transaction : 1, number of failing samples : 0",Thread Group 1-1,,true,,1381,2079,2,2,null,0,110,0
1582542160606,31,186 /demo/api/posts,201,Created,Thread Group 1-1,text,true,,1381,2079,2,2,http://10.17.175.19/demo/api/posts,31,0,0
1582542160249,30,Create random post,200,"Number of samples in transaction : 1, number of failing samples : 0",Thread Group 1-2,,true,,1253,1951,2,2,null,0,912,0
1582542161161,30,186 /demo/api/posts,201,Created,Thread Group 1-2,text,true,,1253,1951,2,2,http://10.17.175.19/demo/api/posts,30,0,0
1582542160637,32,Create random post,200,"Number of samples in transaction : 1, number of failing samples : 0",Thread Group 1-1,,true,,1561,2260,2,2,null,0,901,0
1582542161538,32,186 /demo/api/posts,201,Created,Thread Group 1-1,text,true,,1561,2260,2,2,http://10.17.175.19/demo/api/posts,32,0,0
1582542161571,36,Create random post,200,"Number of samples in transaction : 1, number of failing samples : 0",Thread Group 1-1,,true,,861,1560,2,2,null,0,2226,0
1582542163797,36,186 /demo/api/posts,201,Created,Thread Group 1-1,text,true,,861,1560,2,2,http://10.17.175.19/demo/api/posts,36,0,1
1582542161191,32,Create random post,200,"Number of samples in transaction : 1, number of failing samples : 0",Thread Group 1-2,,true,,1662,2361,2,2,null,0,4154,0
1582542165345,32,186 /demo/api/posts,201,Created,Thread Group 1-2,text,true,,1662,2361,2,2,http://10.17.175.19/demo/api/posts,32,0,0
1582542163833,32,Create random post,200,"Number of samples in transaction : 1, number of failing samples : 0",Thread Group 1-1,,true,,1439,2137,2,2,null,0,2901,0
1582542166734,32,186 /demo/api/posts,201,Created,Thread Group 1-1,text,true,,1439,2137,2,2,http://10.17.175.19/demo/api/posts,32,0,0
1582542166766,29,Create random post,200,"Number of samples in transaction : 1, number of failing samples : 0",Thread Group 1-1,,true,,863,1562,2,2,null,0,269,0
1582542167035,29,186 /demo/api/posts,201,Created,Thread Group 1-1,text,true,,863,1562,2,2,http://10.17.175.19/demo/api/posts,29,0,0
1582542167064,29,Create random post,200,"Number of samples in transaction : 1, number of failing samples : 0",Thread Group 1-1,,true,,1317,2015,2,2,null,0,318,0
1582542167381,29,186 /demo/api/posts,201,Created,Thread Group 1-1,text,true,,1317,2015,2,2,http://10.17.175.19/demo/api/posts,29,0,0
1582542165378,32,Create random post,200,"Number of samples in transaction : 1, number of failing samples : 0",Thread Group 1-2,,true,,1200,1899,2,2,null,0,2073,0
1582542167450,32,186 /demo/api/posts,201,Created,Thread Group 1-2,text,true,,1200,1899,2,2,http://10.17.175.19/demo/api/posts,32,0,0
1582542167483,34,Create random post,200,"Number of samples in transaction : 1, number of failing samples : 0",Thread Group 1-2,,true,,959,1658,2,2,null,0,1948,0
1582542169431,34,186 /demo/api/posts,201,Created,Thread Group 1-2,text,true,,959,1658,2,2,http://10.17.175.19/demo/api/posts,34,0,0
1582542167411,32,Create random post,200,"Number of samples in transaction : 1, number of failing samples : 0",Thread Group 1-1,,true,,1008,1707,2,2,null,0,2161,0
1582542169572,32,186 /demo/api/posts,201,Created,Thread Group 1-1,text,true,,1008,1707,2,2,http://10.17.175.19/demo/api/posts,32,0,0
1582542169465,31,Create random post,200,"Number of samples in transaction : 1, number of failing samples : 0",Thread Group 1-2,,true,,738,1482,2,2,null,0,850,0
1582542170315,31,186 /demo/api/posts,201,Created,Thread Group 1-2,text,true,,738,1482,2,2,http://10.17.175.19/demo/api/posts,31,0,1
1582542169604,32,Create random post,200,"Number of samples in transaction : 1, number of failing samples : 0",Thread Group 1-1,,true,,987,1686,2,2,null,0,2404,0
1582542172008,32,186 /demo/api/posts,201,Created,Thread Group 1-1,text,true,,987,1686,2,2,http://10.17.175.19/demo/api/posts,32,0,1
1582542170346,34,Create random post,200,"Number of samples in transaction : 1, number of failing samples : 0",Thread Group 1-2,,true,,1021,1720,2,2,null,0,3422,0
1582542173768,34,186 /demo/api/posts,201,Created,Thread Group 1-2,text,true,,1021,1720,2,2,http://10.17.175.19/demo/api/posts,34,0,1
1582542172040,41,Create random post,200,"Number of samples in transaction : 1, number of failing samples : 0",Thread Group 1-1,,true,,969,1668,2,2,null,0,3194,0
1582542175234,41,186 /demo/api/posts,201,Created,Thread Group 1-1,text,true,,969,1668,2,2,http://10.17.175.19/demo/api/posts,41,0,0
1582542173802,30,Create random post,200,"Number of samples in transaction : 1, number of failing samples : 0",Thread Group 1-2,,true,,1552,2251,2,2,null,0,2567,0
1582542176369,30,186 /demo/api/posts,201,Created,Thread Group 1-2,text,true,,1552,2251,2,2,http://10.17.175.19/demo/api/posts,30,0,0
1582542175275,30,Create random post,200,"Number of samples in transaction : 1, number of failing samples : 0",Thread Group 1-1,,true,,1384,2082,2,2,null,0,1346,0
1582542176621,30,186 /demo/api/posts,201,Created,Thread Group 1-1,text,true,,1384,2082,2,2,http://10.17.175.19/demo/api/posts,30,0,0
1582542176399,31,Create random post,200,"Number of samples in transaction : 1, number of failing samples : 0",Thread Group 1-2,,true,,948,1647,2,2,null,0,1168,0
1582542177567,31,186 /demo/api/posts,201,Created,Thread Group 1-2,text,true,,948,1647,2,2,http://10.17.175.19/demo/api/posts,31,0,0
1582542176651,50,Create random post,200,"Number of samples in transaction : 1, number of failing samples : 0",Thread Group 1-1,,true,,1138,1837,2,2,null,0,929,0
1582542177580,50,186 /demo/api/posts,201,Created,Thread Group 1-1,text,true,,1138,1837,2,2,http://10.17.175.19/demo/api/posts,50,0,0
1582542177630,31,Create random post,200,"Number of samples in transaction : 1, number of failing samples : 0",Thread Group 1-1,,true,,1292,1990,2,2,null,0,662,0
1582542178292,31,186 /demo/api/posts,201,Created,Thread Group 1-1,text,true,,1292,1990,2,2,http://10.17.175.19/demo/api/posts,31,0,0
1582542177598,33,Create random post,200,"Number of samples in transaction : 1, number of failing samples : 0",Thread Group 1-2,,true,,1286,1984,2,2,null,0,1347,0
1582542178945,33,186 /demo/api/posts,201,Created,Thread Group 1-2,text,true,,1286,1984,2,2,http://10.17.175.19/demo/api/posts,33,0,1
1582542178323,33,Create random post,200,"Number of samples in transaction : 1, number of failing samples : 0",Thread Group 1-1,,true,,1627,2326,2,2,null,0,1932,0
1582542180255,33,186 /demo/api/posts,201,Created,Thread Group 1-1,text,true,,1627,2326,2,2,http://10.17.175.19/demo/api/posts,33,0,1
1582542178978,32,Create random post,200,"Number of samples in transaction : 1, number of failing samples : 0",Thread Group 1-2,,true,,1020,1719,2,2,null,0,2111,0
1582542181089,32,186 /demo/api/posts,201,Created,Thread Group 1-2,text,true,,1020,1719,2,2,http://10.17.175.19/demo/api/posts,32,0,0
1582542180288,32,Create random post,200,"Number of samples in transaction : 1, number of failing samples : 0",Thread Group 1-1,,true,,1211,1910,2,2,null,0,2375,0
1582542182663,32,186 /demo/api/posts,201,Created,Thread Group 1-1,text,true,,1211,1910,2,2,http://10.17.175.19/demo/api/posts,32,0,1
1582542181121,33,Create random post,200,"Number of samples in transaction : 1, number of failing samples : 0",Thread Group 1-2,,true,,933,1632,2,2,null,0,1892,0
1582542183013,33,186 /demo/api/posts,201,Created,Thread Group 1-2,text,true,,933,1632,2,2,http://10.17.175.19/demo/api/posts,33,0,0
1582542182696,33,Create random post,200,"Number of samples in transaction : 1, number of failing samples : 0",Thread Group 1-1,,true,,1345,2043,2,2,null,0,1392,0
1582542184088,33,186 /demo/api/posts,201,Created,Thread Group 1-1,text,true,,1345,2043,2,2,http://10.17.175.19/demo/api/posts,33,0,0
1582542183046,32,Create random post,200,"Number of samples in transaction : 1, number of failing samples : 0",Thread Group 1-2,,true,,1419,2117,2,2,null,0,1751,0
1582542184797,32,186 /demo/api/posts,201,Created,Thread Group 1-2,text,true,,1419,2117,2,2,http://10.17.175.19/demo/api/posts,32,0,1
1582542184829,30,Create random post,200,"Number of samples in transaction : 1, number of failing samples : 0",Thread Group 1-2,,true,,1150,1849,2,2,null,0,1102,0
1582542185931,30,186 /demo/api/posts,201,Created,Thread Group 1-2,text,true,,1150,1849,2,2,http://10.17.175.19/demo/api/posts,30,0,0
1582542184121,40,Create random post,200,"Number of samples in transaction : 1, number of failing samples : 0",Thread Group 1-1,,true,,1054,1753,2,2,null,0,1833,0
1582542185954,40,186 /demo/api/posts,201,Created,Thread Group 1-1,text,true,,1054,1753,2,2,http://10.17.175.19/demo/api/posts,40,0,1
1582542185961,31,Create random post,200,"Number of samples in transaction : 1, number of failing samples : 0",Thread Group 1-2,,true,,822,1524,2,2,null,0,551,0
1582542186511,31,186 /demo/api/posts,201,Created,Thread Group 1-2,text,true,,822,1524,2,2,http://10.17.175.19/demo/api/posts,31,0,0
1582542186543,46,Create random post,200,"Number of samples in transaction : 1, number of failing samples : 0",Thread Group 1-2,,true,,864,1563,2,2,null,0,1022,0
1582542187565,46,186 /demo/api/posts,201,Created,Thread Group 1-2,text,true,,864,1563,2,2,http://10.17.175.19/demo/api/posts,46,0,0
1582542187611,48,Create random post,200,"Number of samples in transaction : 1, number of failing samples : 0",Thread Group 1-2,,true,,903,1602,2,2,null,0,2214,0
1582542189826,48,186 /demo/api/posts,201,Created,Thread Group 1-2,text,true,,903,1602,2,2,http://10.17.175.19/demo/api/posts,48,0,14
1582542185994,36,Create random post,200,"Number of samples in transaction : 1, number of failing samples : 0",Thread Group 1-1,,true,,1134,1833,2,2,null,0,4032,0
1582542190027,36,186 /demo/api/posts,201,Created,Thread Group 1-1,text,true,,1134,1833,2,2,http://10.17.175.19/demo/api/posts,36,0,0
1582542190063,31,Create random post,200,"Number of samples in transaction : 1, number of failing samples : 0",Thread Group 1-1,,true,,1721,2420,2,2,null,0,1252,0
1582542191315,31,186 /demo/api/posts,201,Created,Thread Group 1-1,text,true,,1721,2420,2,2,http://10.17.175.19/demo/api/posts,31,0,0
1582542191346,35,Create random post,200,"Number of samples in transaction : 1, number of failing samples : 0",Thread Group 1-1,,true,,1196,1895,2,2,null,0,1208,0
1582542192554,35,186 /demo/api/posts,201,Created,Thread Group 1-1,text,true,,1196,1895,2,2,http://10.17.175.19/demo/api/posts,35,0,1
1582542189874,36,Create random post,200,"Number of samples in transaction : 1, number of failing samples : 0",Thread Group 1-2,,true,,1016,1715,2,2,null,0,2718,0
1582542192592,36,186 /demo/api/posts,201,Created,Thread Group 1-2,text,true,,1016,1715,2,2,http://10.17.175.19/demo/api/posts,36,0,0
1582542192628,34,Create random post,200,"Number of samples in transaction : 1, number of failing samples : 0",Thread Group 1-2,,true,,1325,2023,2,2,null,0,2297,0
1582542194924,34,186 /demo/api/posts,201,Created,Thread Group 1-2,text,true,,1325,2023,2,2,http://10.17.175.19/demo/api/posts,34,0,0
1582542192589,36,Create random post,200,"Number of samples in transaction : 1, number of failing samples : 0",Thread Group 1-1,,true,,948,1647,2,2,null,0,2461,0
1582542195049,36,186 /demo/api/posts,201,Created,Thread Group 1-1,text,true,,948,1647,2,2,http://10.17.175.19/demo/api/posts,36,0,0
1582542195085,32,Create random post,200,"Number of samples in transaction : 1, number of failing samples : 0",Thread Group 1-1,,true,,1543,2242,2,2,null,0,1518,0
1582542196602,32,186 /demo/api/posts,201,Created,Thread Group 1-1,text,true,,1543,2242,2,2,http://10.17.175.19/demo/api/posts,32,0,0
1582542194958,33,Create random post,200,"Number of samples in transaction : 1, number of failing samples : 0",Thread Group 1-2,,true,,750,1488,2,2,null,0,2914,0
1582542197872,33,186 /demo/api/posts,201,Created,Thread Group 1-2,text,true,,750,1488,2,2,http://10.17.175.19/demo/api/posts,33,0,0
1582542196635,35,Create random post,200,"Number of samples in transaction : 1, number of failing samples : 0",Thread Group 1-1,,true,,1541,2240,2,2,null,0,1862,0
1582542198498,35,186 /demo/api/posts,201,Created,Thread Group 1-1,text,true,,1541,2240,2,2,http://10.17.175.19/demo/api/posts,34,0,1
1582542198533,31,Create random post,200,"Number of samples in transaction : 1, number of failing samples : 0",Thread Group 1-1,,true,,950,1649,2,2,null,0,1956,0
1582542200489,31,186 /demo/api/posts,201,Created,Thread Group 1-1,text,true,,950,1649,2,2,http://10.17.175.19/demo/api/posts,31,0,0
1582542197905,33,Create random post,200,"Number of samples in transaction : 1, number of failing samples : 0",Thread Group 1-2,,true,,1404,2102,2,2,null,0,3041,0
1582542200947,33,186 /demo/api/posts,201,Created,Thread Group 1-2,text,true,,1404,2102,2,2,http://10.17.175.19/demo/api/posts,33,0,0
1582542200520,47,Create random post,200,"Number of samples in transaction : 1, number of failing samples : 0",Thread Group 1-1,,true,,1407,2105,2,2,null,0,1747,0
1582542202267,47,186 /demo/api/posts,201,Created,Thread Group 1-1,text,true,,1407,2105,2,2,http://10.17.175.19/demo/api/posts,47,0,1
1582542200980,46,Create random post,200,"Number of samples in transaction : 1, number of failing samples : 0",Thread Group 1-2,,true,,1731,2430,2,2,null,0,1704,0
1582542202684,46,186 /demo/api/posts,201,Created,Thread Group 1-2,text,true,,1731,2430,2,2,http://10.17.175.19/demo/api/posts,46,0,0
1582542202314,43,Create random post,200,"Number of samples in transaction : 1, number of failing samples : 0",Thread Group 1-1,,true,,835,1534,2,2,null,0,1619,0
1582542203932,43,186 /demo/api/posts,201,Created,Thread Group 1-1,text,true,,835,1534,2,2,http://10.17.175.19/demo/api/posts,43,0,0
1582542202730,72,Create random post,200,"Number of samples in transaction : 1, number of failing samples : 0",Thread Group 1-2,,true,,1030,1729,2,2,null,0,1208,0
1582542203937,72,186 /demo/api/posts,201,Created,Thread Group 1-2,text,true,,1030,1729,2,2,http://10.17.175.19/demo/api/posts,72,0,1
1582542204009,32,Create random post,200,"Number of samples in transaction : 1, number of failing samples : 0",Thread Group 1-2,,true,,1062,1761,2,2,null,0,1632,0
1582542205641,32,186 /demo/api/posts,201,Created,Thread Group 1-2,text,true,,1062,1761,2,2,http://10.17.175.19/demo/api/posts,32,0,0
1582542203975,36,Create random post,200,"Number of samples in transaction : 1, number of failing samples : 0",Thread Group 1-1,,true,,1059,1758,2,2,null,0,2462,0
1582542206437,36,186 /demo/api/posts,201,Created,Thread Group 1-1,text,true,,1059,1758,2,2,http://10.17.175.19/demo/api/posts,36,0,1
1582542205673,33,Create random post,200,"Number of samples in transaction : 1, number of failing samples : 0",Thread Group 1-2,,true,,1372,2070,2,2,null,0,2685,0
1582542208358,33,186 /demo/api/posts,201,Created,Thread Group 1-2,text,true,,1372,2070,2,2,http://10.17.175.19/demo/api/posts,33,0,0
1582542206473,32,Create random post,200,"Number of samples in transaction : 1, number of failing samples : 0",Thread Group 1-1,,true,,893,1592,2,2,null,0,3101,0
1582542209574,32,186 /demo/api/posts,201,Created,Thread Group 1-1,text,true,,893,1592,2,2,http://10.17.175.19/demo/api/posts,32,0,0
1582542208391,32,Create random post,200,"Number of samples in transaction : 1, number of failing samples : 0",Thread Group 1-2,,true,,1484,2182,1,1,null,0,2019,0
1582542210409,32,186 /demo/api/posts,201,Created,Thread Group 1-2,text,true,,1484,2182,1,1,http://10.17.175.19/demo/api/posts,32,0,0
1582542210442,35,Create random post,200,"Number of samples in transaction : 1, number of failing samples : 0",Thread Group 1-2,,true,,1553,2252,1,1,null,0,2001,0
1582542212443,35,186 /demo/api/posts,201,Created,Thread Group 1-2,text,true,,1553,2252,1,1,http://10.17.175.19/demo/api/posts,35,0,0
1582542212478,35,Create random post,200,"Number of samples in transaction : 1, number of failing samples : 0",Thread Group 1-2,,true,,1725,2424,1,1,null,0,3036,0
1582542215514,35,186 /demo/api/posts,201,Created,Thread Group 1-2,text,true,,1725,2424,1,1,http://10.17.175.19/demo/api/posts,35,0,1
